ISIN;nom;ticker
BE0974310428;X-Fab;XFAB
CH0308403085;GeNeuro;GNRO
FR0000030827;Ige + Xao;IGE
FR0000031122;Air France - KLM;AF
FR0000031577;Virbac;VIRP
FR0000031684;Rothschild & Co;ROTH
FR0000031775;Vicat;VCT
FR0000032278;Latecoere;LAT
FR0000032526;Guerbet;GBT
FR0000032658;Synergie;SDG
FR0000033003;Touax;TOUP
FR0000033219;Altarea;ALTA
FR0000033243;Immob.Dassault;IMDA
FR0000033904;Jacquet Metals;JCQ
FR0000034639;Altran Techn.;ALT
FR0000035081;Icade;ICAD
FR0000035164;Beneteau;BEN
FR0000035370;Bastide Le Confort;BLC
FR0000036675;Groupe Crit;CEN
FR0000036816;Tour Eiffel;EIFF
FR0000038242;Lumibird;LBIRD
FR0000038259;Eurofins Scient.;ERF
FR0000038465;Passat;PSAT
FR0000038531;Hf;HF
FR0000038606;Manitou Bf;MTU
FR0000039091;Robertet;RBT
FR0000039109;Seche Environnement;SCHP
FR0000039232;Aurea;AURE
FR0000039299;Bollore;BOL
FR0000039620;Mersen;MRN
FR0000044448;Nexans;NEX
FR0000044612;Afone;AFO
FR0000045072;Credit Agricole;ACA
FR0000050353;Lisi;FII
FR0000050809;Sopra Steria Group;SOP
FR0000051070;Maurel Et Prom;MAU
FR0000051393;Idi;IDIP
FR0000051732;Atos;ATO
FR0000051807;Teleperformance;TEP
FR0000052292;Hermes;RMS
FR0000052516;Vilmorin Cie;RIN
FR0000052623;Dedalus France;DEDAL
FR0000052680;Oeneo;SBT
FR0000053027;Akwel;AKW
FR0000053035;Gea Grenobl.Elect.;GEA
FR0000053225;Metropole Tv;MMT
FR0000053324;Alpes (compagnie);CDA
FR0000053381;Derichebourg;DBG
FR0000053506;Cegedim;CGM
FR0000053837;Altamir;LTA
FR0000054199;St Dupont;DPT
FR0000054231;High Co;HCO
FR0000054322;Cibox Inter A Ctiv;CIB
FR0000054470;Ubisoft Entertainment;UBI
FR0000054694;Naturex;NRX
FR0000054900;Tf1;TFI
FR0000060329;Psb Industries;PSB
FR0000060402;Albioma;ABIO
FR0000060832;Precia;PREC
FR0000060873;Marie Brizard Wine and Spirits;MBWS
FR0000060949;Tivoly;TVLY
FR0000061129;Boiron;BOI
FR0000062671;Groupe Gorge;GOE
FR0000062796;Vranken Monopole;VRAP
FR0000062804;Alpha Mos;ALM
FR0000062978;Adl Partner;ALP
FR0000063091;Anf Immobilier;ANF
FR0000063737;Aubay;AUB
FR0000063935;Bonduelle;BON
FR0000064297;Innelec Multimedia;INN
FR0000064404;Media 6;EDI
FR0000064446;CIS (Catering Intl Sces);CTRG
FR0000064578;Covivio;COV
FR0000064784;FFP;FFP
FR0000065278;Hopscotch Groupe;HOP
FR0000065484;Lectra;LSS
FR0000065864;Sogeclair;SOG
FR0000066052;Avenir Telecom;AVT
FR0000066540;Herige;ALHRG
FR0000066607;Lacroix Industries;LACR
FR0000066672;Gl Events;GLO
FR0000066722;Guillemot;GUI
FR0000066755;Haulotte Group;PIG
FR0000071797;Infotel;INF
FR0000071946;Alten;ATE
FR0000072373;Egide;GID
FR0000072399;Belier;BELI
FR0000072597;It Link;ITL
FR0000072894;Cast;CAS
FR0000073041;Pierre Vacances;VAC
FR0000073272;Safran;SAF
FR0000073298;Ipsos;IPS
FR0000073793;Devoteam;DVT
FR0000073843;ITS group;ITS
FR0000074072;Bigben Interactive;BIG
FR0000074148;Assystem;ASY
FR0000074197;Union Tech.Infor.;FPG
FR0000074759;Fleury Michon;FLE
FR0000074783;Artmarket.com;PRC
FR0000075442;Groupe LDLC;ALLDL
FR0000075954;Riber;RIB
FR0000076655;Actia Group;ATI
FR0000076861;Acteos;EOS
FR0000076887;Ast Groupe;ASP
FR0000077570;Micropole;MUN
FR0000077919;Jc Decaux Sa.;DEC
FR0000079634;Geci Intl;GECP
FR0000120073;Air Liquide;AI
FR0000120172;Carrefour;CA
FR0000120222;Cnp Assurances;CNP
FR0000120271;Total;FP
FR0000120321;L'oreal;OR
FR0000120354;Vallourec;VK
FR0000120388;Recylex;RX
FR0000120404;Accor Hotels;AC
FR0000120503;Bouygues;EN
FR0000120560;Quadient;QDT
FR0000120578;Sanofi;SAN
FR0000120628;Axa;CS
FR0000120644;Danone;BN
FR0000120669;Esso;ES
FR0000120685;Natixis;KN
FR0000120693;Pernod Ricard;RI
FR0000120859;Imerys;NK
FR0000120966;Bic;BB
FR0000121014;Lvmh;MC
FR0000121121;Eurazeo;RF
FR0000121147;Faurecia;EO
FR0000121204;Wendel Invest.;MF
FR0000121220;Sodexo;SW
FR0000121261;Michelin;ML
FR0000121295;Lebon;LBON
FR0000121329;Thales;HO
FR0000121485;Kering;KER
FR0000121501;Peugeot;UG
FR0000121667;EssilorLuxottica;EL
FR0000121709;Seb;SK
FR0000121725;Dassault Aviation;AM
FR0000121964;Klepierre;LI
FR0000121972;Schneider Electric;SU
FR0000124141;Veolia Environ.;VIE
FR0000124570;Plastic Omnium;POM
FR0000125007;Saint Gobain;SGO
FR0000125338;CapGemini;CAP
FR0000125346;Ingenico Group;ING
FR0000125486;Vinci;DG
FR0000125585;Casino Guichard;CO
FR0000127771;Vivendi;VIV
FR0000130213;Lagardere;MMB
FR0000130395;Remy Cointreau;RCO
FR0000130452;Eiffage;FGR
FR0000130577;Publicis Groupe;PUB
FR0000130650;Dassault Systemes;DSY
FR0000130692;Chargeurs;CRI
FR0000130809;Societe Generale;GLE
FR0000131104;Bnp Paribas;BNP
FR0000131757;Eramet;ERA
FR0000131906;Renault;RNO
FR0000133308;Orange;ORA
FR0000182479;Archos;JXR
FR0000184798;Orpea;ORP
FR0004007813;Kaufman Et Broad;KOF
FR0004016699;Smtpc;SMTPC
FR0004024222;Interparfums;ITP
FR0004026151;Itesoft;ITE
FR0004029411;Keyrus;KEY
FR0004031763;Coheris;COH
FR0004034072;Xilam Animation;XIL
FR0004035913;Iliad;ILD
FR0004037125;April;APR
FR0004040608;Abc Arbitrage;ABCA
FR0004050300;Groupe Open;OPN
FR0004056851;Valneva;VLA
FR0004076891;Groupe Flo;FLO
FR0004110310;Esi Group;ESI
FR0004125920;Amundi;AMUN
FR0004152874;Advenis;ADV
FR0004154060;Netgem;NTG
FR0004155000;Groupe Sfpi;SFPI
FR0004156297;Linedata Services;LIN
FR0004159473;Hexaom;HEXA
FR0004163111;Genfit;GNFT
FR0004170017;LNA SANTE;LNA
FR0004177046;Metabolic Explorer;METEX
FR0004180537;Akka Technologies;AKA
FR0004180578;Sword Group;SWP
FR0004188670;Tarkett;TKTT
FR0004548873;Bourbon Corporation;GBB
FR0005175080;Transgene;TNG
FR0005691656;Trigano;TRI
FR0006174348;Bureau Veritas;BVI
FR0007317813;CS (Com. et Systemes);SX
FR0010040865;Gecina Nom.;GFC
FR0010095596;Onxeo;ONXEO
FR0010112524;Nexity;NXI
FR0010193052;Catana Group;CATG
FR0010193979;CBO Territoria;CBOT
FR0010208488;Engie;ENGI
FR0010214064;Groupe Pizzorno Environnement;GPE
FR0010220475;Alstom;ALO
FR0010221234;Eutelsat Com.;ETL
FR0010241638;Mercialys;MERY
FR0010242511;EDF;EDF
FR0010259150;Ipsen;IPN
FR0010282822;SES Imagotag;SESL
FR0010291245;Verimatrix;VMX
FR0010298620;Memscap;MEMS
FR0010307819;Legrand SA;LR
FR0010313833;Arkema;AKE
FR0010331421;Innate Pharma;IPH
FR0010340141;Adp;ADP
FR0010380626;Prologue;PROL
FR0010386334;Korian;KORI
FR0010395681;Altur Investissement;ALTUR
FR0010411983;Scor;SCR
FR0010417345;Dbv Technologies;DBV
FR0010428771;Olympique Lyonnais (Groupe);OLG
FR0010436584;DNXCorp;ALDNX
FR0010451203;Rexel;RXL
FR0010478248;Atari;ATA
FR0010490920;EuropaCorp;ECP
FR0010501692;Generix;GENX
FR0010526814;SuperSonic Imagine;SSI
FR0010533075;Getlink (ex: Eurotunnel);GET
FR0010557264;Ab Science;AB
FR0010609263;Mauna Kea;MKEA
FR0010613471;Suez Environnement;SEV
FR0010667147;Coface;COFA
FR0010828137;Carmila;CARM
FR0010908533;Edenred;EDEN
FR0010918292;Technicolor;TCH
FR0010929125;ID Logistics;IDL
FR0010949404;Stentys;STNT
FR0011026749;Dalet;DLT
FR0011040500;Axway Software;AXW
FR0011051598;Amoeba Biocide;AMEBA
FR0011184241;Adocia;ADOC
FR0011191766;Eos Imaging;EOSI
FR0011271600;Fermentalg;FALG
FR0011277391;Fonciere Paris Nord;FPN
FR0011289040;SQLI;SQI
FR0011341205;Nanobiotix;NANO
FR0011466069;Ekinops;EKI
FR0011471135;Erytech Pharma;ERYP
FR0011471291;Ymagis;MAGIS
FR0011476928;Fnac Darty;FNAC
FR0011665280;Figeac Aero;FGA
FR0011726835;GTT;GTT
FR0011742329;McPhy Energy;MCPHY
FR0011790542;Genkyotex;GKTX
FR0011799907;Genomic Vision;GV
FR0011800218;Awox;AWOX
FR0011950641;Pixium Vision;ALPIX
FR0011950682;Sergeferrari Group;SEFER
FR0011950732;Elior Group;ELIOR
FR0011981968;Worldline;WLN
FR0011992700;Ateme;ATEME
FR0011995588;Voltalia;VLTSA
FR0012127173;Ose Immunotherapeutics;OSE
FR0012202497;Diagnostic Medical;DGM
FR0012333284;Abivax;ABVX
FR0012432516;Poxel;POXEL
FR0012435121;Elis;ELIS
FR0012612646;Groupe Partouche;PARP
FR0012613610;Prodways Group;PWG
FR0012616852;Abionyx Pharma;ABNX
FR0012757854;Spie;SPIE
FR0012789667;Amplitude Surgical;AMPLI
FR0012789949;Europcar Mobility;EUCAR
FR0012821890;Adux;ADUX
FR0012821916;Hipay Group;HIPAY
FR0012872141;Jacques Bogart;JBOG
FR0012882389;Pharmagest Inter.;PHA
FR0012938884;Solocal Group;LOCAL
FR0012969095;Capelli;CAPLI
FR0013006558;Showroomprive;SRP
FR0013018041;Navya;NAVYA
FR0013018124;Nicox;COX
FR0013030152;Francaise de l’Energie;LFDE
FR0013153541;Maisons du Monde;MDM
FR0013154002;Sartorius Stedim Biotech;DIM
FR0013176526;Valeo;FR
FR0013181864;CGG;CGG
FR0013183589;Aures Technologies;AURS
FR0013183985;GenSight Biologics;SIGHT
FR0013185857;Abeo;ABEO
FR0013190410;Orchestra-Premaman;KAZI
FR0013214145;Smcp;SMCP
FR0013227113;Soitec Silicon;SOI
FR0013230612;Tikehau Capital;TKO
FR0013233012;Inventiva;IVA
FR0013233475;Lysogene;LYS
FR0013247137;Mediawan;MDW
FR0013252186;Plast. Val de Loire;PVL
FR0013258399;Balyo;BALYO
FR0013258589;Antalis;ANTA
FR0013258662;Ald;ALD
FR0013269123;Rubis;RUI
FR0013280286;Biomerieux;BIM
FR0013283108;Delta Plus Group;DLTA
FR0013284080;Biom Up;BUP
FR0013296746;Advicenne;ADVIC
FR0013318813;PARAGON ID;PID
FR0013326246;Unibail Rodamco Wes;URW
FR0013341781;2crsi;2CRSI
FR0013357621;Wavestone;WAVE
FR0013426004;Claranova;CLA
FR0013467123;Safe Orthopaedics;ALSAF
GA0000121459;Total Gabon;EC
GB00BDSFG982;TechnipFMC;FTI
LU0088087324;SES Sa;SESG
LU0569974404;Aperam;APAM
LU1598757687;Arcelor Mittal;MT
NL0000226223;Stmicroelectronics;STM
NL0000235190;Airbus;AIR
NL0006294274;Euronext;ENX
BE0003470755;Solvay;SOLB
BE0003470755;Solvay;SOLB
FR0000031122;Air France - KLM;AF
FR0000031684;Rothschild & Co;ROTH
FR0000034639;Altran Techn.;ALT
FR0000035081;Icade;ICAD
FR0000038259;Eurofins Scient.;ERF
FR0000039299;Bollore;BOL
FR0000044448;Nexans;NEX
FR0000045072;Credit Agricole;ACA
FR0000050809;Sopra Steria Group;SOP
FR0000051732;Atos;ATO
FR0000051807;Teleperformance;TEP
FR0000052292;Hermes;RMS
FR0000053225;Metropole Tv;MMT
FR0000054470;Ubisoft Entertainment;UBI
FR0000054900;Tf1;TFI
FR0000064578;Covivio;COV
FR0000071946;Alten;ATE
FR0000073272;Safran;SAF
FR0000073298;Ipsos;IPS
FR0000077919;Jc Decaux Sa.;DEC
FR0000120073;Air Liquide;AI
FR0000120172;Carrefour;CA
FR0000120222;Cnp Assurances;CNP
FR0000120271;Total;FP
FR0000120321;L'oreal;OR
FR0000120354;Vallourec;VK
FR0000120404;Accor Hotels;AC
FR0000120503;Bouygues;EN
FR0000120560;Quadient;QDT
FR0000120578;Sanofi;SAN
FR0000120628;Axa;CS
FR0000120644;Danone;BN
FR0000120685;Natixis;KN
FR0000120693;Pernod Ricard;RI
FR0000120859;Imerys;NK
FR0000120966;Bic;BB
FR0000121014;Lvmh;MC
FR0000121121;Eurazeo;RF
FR0000121147;Faurecia;EO
FR0000121204;Wendel Invest.;MF
FR0000121220;Sodexo;SW
FR0000121261;Michelin;ML
FR0000121329;Thales;HO
FR0000121485;Kering;KER
FR0000121501;Peugeot;UG
FR0000121667;EssilorLuxottica;EL
FR0000121709;Seb;SK
FR0000121725;Dassault Aviation;AM
FR0000121964;Klepierre;LI
FR0000121972;Schneider Electric;SU
FR0000124141;Veolia Environ.;VIE
FR0000124570;Plastic Omnium;POM
FR0000125007;Saint Gobain;SGO
FR0000125338;CapGemini;CAP
FR0000125346;Ingenico Group;ING
FR0000125486;Vinci;DG
FR0000125585;Casino Guichard;CO
FR0000127771;Vivendi;VIV
FR0000130213;Lagardere;MMB
FR0000130395;Remy Cointreau;RCO
FR0000130452;Eiffage;FGR
FR0000130577;Publicis Groupe;PUB
FR0000130650;Dassault Systemes;DSY
FR0000130809;Societe Generale;GLE
FR0000131104;Bnp Paribas;BNP
FR0000131757;Eramet;ERA
FR0000131906;Renault;RNO
FR0000133308;Orange;ORA
FR0000184798;Orpea;ORP
FR0004035913;Iliad;ILD
FR0004125920;Amundi;AMUN
FR0004163111;Genfit;GNFT
FR0004180537;Akka Technologies;AKA
FR0004188670;Tarkett;TKTT
FR0005691656;Trigano;TRI
FR0006174348;Bureau Veritas;BVI
FR0010040865;Gecina Nom.;GFC
FR0010112524;Nexity;NXI
FR0010208488;Engie;ENGI
FR0010220475;Alstom;ALO
FR0010221234;Eutelsat Com.;ETL
FR0010241638;Mercialys;MERY
FR0010242511;EDF;EDF
FR0010259150;Ipsen;IPN
FR0010307819;Legrand SA;LR
FR0010313833;Arkema;AKE
FR0010340141;Adp;ADP
FR0010386334;Korian;KORI
FR0010411983;Scor;SCR
FR0010417345;Dbv Technologies;DBV
FR0010451203;Rexel;RXL
FR0010533075;Getlink (ex: Eurotunnel);GET
FR0010613471;Suez Environnement;SEV
FR0010667147;Coface;COFA
FR0010908533;Edenred;EDEN
FR0010918292;Technicolor;TCH
FR0011476928;Fnac Darty;FNAC
FR0011726835;GTT;GTT
FR0011950732;Elior Group;ELIOR
FR0011981968;Worldline;WLN
FR0012435121;Elis;ELIS
FR0012757854;Spie;SPIE
FR0012789949;Europcar Mobility;EUCAR
FR0013153541;Maisons du Monde;MDM
FR0013154002;Sartorius Stedim Biotech;DIM
FR0013176526;Valeo;FR
FR0013181864;CGG;CGG
FR0013227113;Soitec Silicon;SOI
FR0013258662;Ald;ALD
FR0013269123;Rubis;RUI
FR0013280286;Biomerieux;BIM
FR0013326246;Unibail Rodamco Wes;URW
FR0013451333;La Francaise des jeux - FDJ;FDJ
GB00BDSFG982;TechnipFMC;FTI
LU0088087324;SES Sa;SESG
LU0569974404;Aperam;APAM
LU1598757687;Arcelor Mittal;MT
NL0000226223;Stmicroelectronics;STM
NL0000235190;Airbus;AIR
NL0006294274;Euronext;ENX
QS0011017603;CAC Petrole et Gaz;FROG
QS0011017637;CAC Materiaux de base;FRBM
QS0011017652;CAC Industries;FRIN
QS0011017686;CAC Biens de consommation;FRCG
QS0011017702;CAC Sante;FRHC
QS0011017736;CAC Services aux consommateurs;FRCS
QS0011017769;CAC Telecommunications;FRTEL
QS0011017785;CAC Services aux collectivites;FRUT
QS0011017801;CAC Finances;FRFIN
QS0011017827;CAC Technologie;FRTEC
BE0160342011;Coil;ALCOI
BE0974284169;KKO International;ALKKO
BE0974299316;Invibes Advertising;ALINV
BE0974302342;Pharmasimple;ALPHS
BE0974334667;Audiovalley;ALAVY
CA4433003064;H20 Innovation;ALHEO
CY0104972217;Primecity;ALPCI
ES0105089009;Lleida.net;ALLLN
ES0105118006;Quadpack;ALQP
ES0109429037;Antevenio;ALANT
FR0000033599;Lexibook Linguist.;ALLEX
FR0000033888;Gevelot;ALGEV
FR0000035305;Bd Multi Media;ALBDM
FR0000035818;Esker;ALESK
FR0000037640;Rougier S.A.;ALRGR
FR0000044810;Europlasma;ALEUP
FR0000044943;Logic Instrument;ALLOG
FR0000045122;Entreprendre;ALENR
FR0000053076;Ada;ALADA
FR0000054132;Delfingen;ALDEL
FR0000054421;Bourrelier Group;ALBOU
FR0000054652;Ales Groupe;ALPHY
FR0000060840;Devernois;ALDEV
FR0000061244;Mecelec;ALMEC
FR0000061582;SI Participations;ALSIP
FR0000061608;Piscines Desjoyaux;ALPDX
FR0000062184;Idsud;ALIDS
FR0000064529;Nsc Groupe;ALNSC
FR0000066441;Poujoulat;ALPJT
FR0000066540;Herige;ALHRG
FR0000066961;Bernard Loiseau;ALDBL
FR0000072993;Makheia Group;ALMAK
FR0000073728;Serma Technologies;ALSER
FR0000074775;Stradim Espac.Fin.;ALSAS
FR0000075442;Groupe LDLC;ALLDL
FR0000075673;Le Tanneur;LTAN
FR0000077562;Hiolle Industries;ALHIO
FR0000079147;U10 Corp.;ALU10
FR0000079683;Artefact;ALATF
FR0000124414;Groupe Gascogne;ALBI
FR0000185423;Damartex;ALDAR
FR0000185621;Keyyo;ALKEY
FR0004022754;Dolphin Integrat.;ALDOL
FR0004027068;Lanson-BCC;ALLAN
FR0004029478;Visiativ;ALVIV
FR0004030708;Encres Dubuit;ALDUB
FR0004032746;Neovacs;ALNEV
FR0004034320;Mr Bricolage;MRB
FR0004034593;Fashion B Air;ALFBA
FR0004043487;Traqueur;ALTRA
FR0004044600;Prismaflex Intl;ALPRI
FR0004045847;Voyageurs du monde;ALVDM
FR0004053510;Genoway;ALGEN
FR0004058949;Microwave Vision;ALMIC
FR0004065639;NSE;ALNSE
FR0004152882;Clasquin;ALCLA
FR0004153930;Hybrigenics;ALHYG
FR0004155240;Vergnet;ALVER
FR0004155687;Mastrad;ALMAS
FR0004166197;Evolis;ALTVO
FR0004171346;Nextedia;ALNXT
FR0004172450;Mint;ALBUD
FR0004174233;Bilendi;ALBLD
FR0004175099;Tronics Microsystems;ALTRO
FR0004176535;Astellia;ALAST
FR0004178572;Medicrea;ALMED
FR0004187367;Freelance.com;ALFRE
FR0004197747;Theradiag;ALTER
FR0005854700;I2S;ALI2S
FR0007080254;Les Hotels Baverez;ALLHB
FR0010082305;Ivalis;ALIVA
FR0010120402;Theraclion;ALTHE
FR0010131409;Wallix;ALLIX
FR0010169920;Predilife;ALPRE
FR0010202606;Sidetrade;ALBFR
FR0010204453;MG International;ALMGI
FR0010207795;Harvest;ALHVS
FR0010211037;Planet;ALPLA
FR0010221069;FILAE;ALFIL
FR0010231860;O2i;ALODI
FR0010245803;Velcan;ALVEL
FR0010246322;Easyvista;ALEZV
FR0010278762;Envea;ALTEV
FR0010285965;1000Mercis;ALMIL
FR0010304402;Millet Innovation;ALINN
FR0010313486;Prodware;ALPRO
FR0010326090;Vialife;ALVIA
FR0010330613;Ober;ALOBR
FR0010337444;Weborama;ALWEB
FR0010337865;Upergy;ALUPG
FR0010340711;Aquila;ALAQU
FR0010342329;Gaussin;ALGAU
FR0010343186;Heurtey Petrochem;ALHPC
FR0010353888;MGI Digital Graphic;ALMDG
FR0010377127;Dietswell Engineering;ALDIE
FR0010383877;Tti;ALTTI
FR0010396309;Hitechpros;ALHIT
FR0010397232;Novacyt;ALNOV
FR0010397901;Trilogiq;ALTRI
FR0010404368;Dlsi;ALDLS
FR0010424697;Entreparticuliers.com;ALENT
FR0010425595;Cellectis;ALCLS
FR0010436584;DNXCorp;ALDNX
FR0010446765;HolosFind;ALHOL
FR0010452474;Eurogerm;ALGEM
FR0010457531;Adthink Media;ALADM
FR0010458729;Implanet;ALIMP
FR0010465534;Eo2;ALEO2
FR0010485268;Fountaine Pajot;ALFPC
FR0010490961;Groupimo;ALIMO
FR0010493510;Acheter-Louer;ALALO
FR0010523167;Roctool;ALROC
FR0010528059;Streamwide;ALSTW
FR0010554113;Emova Group;ALEMV
FR0010641449;AgroGeneration;ALAGR
FR0010654087;Txcom;ALTXC
FR0010688440;Wedia;ALWED
FR0010722819;Kalray;ALKAL
FR0010766667;Vente Unique;ALVU
FR0010776617;Sapmer;ALMER
FR0010785790;Plant Advanced Technologies;ALPAT
FR0010795476;A2micile Europe;ALA2M
FR0010812230;Madvertise;ALMNG
FR0010820274;Reworld Media;ALREW
FR0010844001;Eurasia Groupe;ALEUA
FR0010879056;Deinove;ALDEI
FR0010889386;Qwamplify;ALQWA
FR0010907956;Carmat;ALCAR
FR0010908723;Integragen;ALINT
FR0011005933;Biosynex;ALBIO
FR0011033083;Moulinvest;ALMOU
FR0011038348;Actiplay;ALACT
FR0011041011;Bluelinea;ALBLU
FR0011049824;Median Technologies;ALMDT
FR0011052257;Global Bioenergies;ALGBE
FR0011053636;The Blockchain GP;ALTBG
FR0011067669;Visiomed;ALVMG
FR0011070457;Ucar;ALUCR
FR0011071570;Cogra 48;ALCOG
FR0011072602;Vexim;ALVXM
FR0011179886;Intrasense;ALINS
FR0011191287;Pharnext;ALPHA
FR0011208693;Gold by Gold;ALGLD
FR0011217710;Methanor;ALMET
FR0011289198;Global Ecopower;ALGEP
FR0011398874;Spineway;ALSPW
FR0011462803;Gaussin BSAR;GAUBS
FR0011464452;Spineguard;ALSGD
FR0011490648;Ecoslops;ALESA
FR0011511971;I.Ceram;ALICR
FR0011522168;Delta Drone;ALDR
FR0011532225;Vogo;ALVGO
FR0011584549;Mnd;ALMND
FR0011636083;Neolife;ALNLF
FR0011648716;Carbios;ALCRB
FR0011648971;Quantum Genomics;ALQGC
FR0011651819;Technofirst;ALFST
FR0011716265;Crossject;ALCJ
FR0011766229;Oncodesign;ALONC
FR0011858190;Realites;ALREA
FR0011884378;Lucibel;ALUCI
FR0011898584;Uv Germi;ALUVI
FR0011910652;Anevia;ALANV
FR0011915339;Enertime;ALENE
FR0011928407;O2i BSAAR 2019;ODIBS
FR0012160661;Europlasma BSB;EURBT
FR0012407096;Oceasoft;ALOCA
FR0012419307;Focus Home Interactive;ALFOC
FR0012596468;Sensorion;ALSEN
FR0012709160;Uniti;ALUNT
FR0012788065;Biocorp;ALCOR
FR0012816825;Biophytis;ALBPS
FR0012819381;Groupe Guillin;ALGIL
FR0013015583;Poulaillon;ALPOU
FR0013053535;Miliboo;ALMLB
FR0013060100;Immersion;ALIMR
FR0013066750;DBT;ALDBT
FR0013079092;We.Connect;ALWEC
FR0013088606;Drone Volt;ALDRV
FR0013143872;Witbe;ALWIT
FR0013156007;Kerlink;ALKLK
FR0013178712;Cerinnov group;ALPCV
FR0013186061;Gaussin BSA;GAUBT
FR0013204070;Groupe Parot;ALPAR
FR0013204351;Cybergun;ALCYB
FR0013219367;Horizontal Software;ALHSW
FR0013220530;Cogra 48 BSAR;COGBS
FR0013231180;Osmozis;ALOSM
FR0013240934;Eurobio-Scientific;ALERS
FR0013245123;Emova BS;ALEBS
FR0013247228;Adomos BS;ALABS
FR0013247244;Adomos;ALADO
FR0013254851;Valbiotis;ALVAL
FR0013256518;Eurofins Cerep;ALECR
FR0013257409;Cofidur;ALCOF
FR0013260973;Theradiag BSAR;ALTBS
FR0013263878;Umanis;ALUMS
FR0013268042;O2i BSA;O2IBS
FR0013268091;Anevia BS;ANVBS
FR0013270626;M2I;ALMII
FR0013274545;Quangen BSA27JAN20;QGCBT
FR0013284627;Adeunis;ALARF
FR0013286259;Theranexus;ALTHX
FR0013297165;Cesar;ALCES
FR0013318052;Ordissimo;ALORD
FR0013328184;Oxatis;ALOXA
FR0013330792;Enensys Technologies;ALNN6
FR0013331212;Dontnod Entertainment;ALDNE
FR0013345493;Bio UV Group;ALTUV
FR0013379484;Solutions 30;ALS30
FR0013384369;Baikowski;ALBKK
FR0013398997;Arcure;ALCUR
FR0013400835;Mare Nostrum;ALMAR
FR0013400983;Delta Drone BSA J;ALDSJ
FR0013410370;Auplata Mining Gr;ALAMG
FR0013429404;Groupe Tera;ALGTR
FR0013451044;Hoffmann Green Cement Tech.;ALHGR
FR0013452281;Agripower;ALAGP
FR0013462231;Munic;ALMUN
FR0013467123;Safe Orthopaedics;ALSAF
FR0013479730;Paulic Meunerie;ALPAU
GB00B2R1Q018;Ospreyfranck;ALOSP
IT0004615396;Methorios Capital;ALMTH
IT0005119109;Mybest Group;ALMBG
IT0005351504;Ediliziacrobatica;ALEAC
IT0005353484;Seif SPA;ALSEI
IT0005380438;Media Maker SPA;ALKER
NL0012044762;Noxxon;ALNOX
NL0012191662;La Perla Fashion Holding;ALPER
BE0003470755;Solvay;SOLB
FR0000031122;Air France - KLM;AF
FR0000051807;Teleperformance;TEP
FR0000054470;Ubisoft Entertainment;UBI
FR0000120685;Natixis;KN
FR0000121147;Faurecia;EO
FR0000121964;Klepierre;LI
FR0000125346;Ingenico Group;ING
FR0000130452;Eiffage;FGR
FR0006174348;Bureau Veritas;BVI
FR0010040865;Gecina Nom.;GFC
FR0010220475;Alstom;ALO
FR0010242511;EDF;EDF
FR0010313833;Arkema;AKE
FR0010411983;Scor;SCR
FR0010613471;Suez Environnement;SEV
FR0010908533;Edenred;EDEN
FR0013176526;Valeo;FR
LU0088087324;SES Sa;SESG
NL0000400653;Gemalto;GTO
BE0948833760;Green Energy 4 Seasons;MLGES
BE0974328602;Metrics in Balance;MLMIB
BE6201089735;LV4S;MLV4S
BE6252013725;Condor Technolog;MLMFI
CA38055V2049;Skill Gaming Inc.;MLSKL
CH0044947239;ABC Orthodontics;MLABC
CH0120879058;Firstcaution;MLFIR
CH0220529603;Scandinavian House Development;MLSHD
CH0221173120;Ml Trading AG;MLMLT
CH0299791381;4Service Cloud Tech AG;MLOVE
CH0309050059;Wee.com AG;MLBAM
CH0342399851;Gour Medical;MLGML
DE000A0JCXG4;Protektus AG;MLPRO
ES0105399002;Whiteni R Cajal Socimi;MLWRC
ES0105447009;Maq Admon. Urbanas;MLMAQ
FR0000030769;Placoplatre;MLPLC
FR0000031106;Troc Ile;MLTRO
FR0000031866;Tramways de Rouen;MLTRA
FR0000033466;Team;MLTEA
FR0000034779;Lecteurs Monde;MLLEM
FR0000035750;Rousselet Centrif.;MLROU
FR0000037871;Ch.Fer Departement;MLCFD
FR0000044745;Everset;MLEVE
FR0000051567;Ch.Fer Var Gard N.;MLCVG
FR0000052755;Editions Du Signe;MLEDS
FR0000052920;Dynafond;MLDYN
FR0000053415;G.A.I.;MLGAI
FR0000053738;Hotelim;MLHOT
FR0000054066;Cta Holding;MLCTA
FR0000054371;Speed Rabbit Pizza;MLSRP
FR0000057895;PGO Automobiles;MLPGO
FR0000057945;Georex Prov.Regpt;MLGEO
FR0000060428;Cie Du Mont Blanc;MLCMB
FR0000061657;Mais.Antoine Baud;MLMAB
FR0000063976;Streit Industries;MLSTR
FR0000064644;Pol Roger;MLPOL
FR0000065773;Imprimerie Chirat;MLIMP
FR0000066797;Financiere Sicomax;MLSIC
FR0000071755;Securinfor;MLSEC
FR0000076481;Trois Chenes;MLTRC
FR0000076960;Carnivor (Groupe);MLGRC
FR0000077232;Galloo Ile-de-France;MLGRD
FR0000077828;Consort Nt;MLCNT
FR0000077885;Damaris;MLDAM
FR0000077992;Pacte Novation;MLPAC
FR0000079477;Christian Potier;MLCHP
FR0000079691;Ids;MLIDS
FR0000079824;Digitech;MLDIG
FR0000184822;WT;MLWTT
FR0000185464;Novatech Ind.;MLNOV
FR0000185480;Phone Web;MLPHW
FR0000185928;Parfex;MLPFX
FR0004038818;Simo International;MLSIM
FR0004152700;Krief Group;MLKRI
FR0004155208;Locasystem Intl;MLLOI
FR0004157543;Neocom Multimedia;MLNEO
FR0004174712;Onlineformapro;MLONL
FR0004175222;Sbt;MLSBT
FR0004177939;Datbim;MLDTB
FR0004185023;Collectors;MLCOL
FR0004260479;France Chauffage;MLFRC
FR0004998318;Courbet;MLCOU
FR0005057635;Ardoin St Amand A;MLARD
FR0005142999;Eaux De Douai;MLEAU
FR0005310463;Est Republicain;MLEST
FR0005783503;Uni.Metalg.Ht-Sei.;MLUMH
FR0005843125;Hydro-Exploit.;MLHYE
FR0006174496;Verney Carron;MLVER
FR0006205019;Lombard et Medot;MLCAC
FR0006226791;Hot.Majestic Canne;MLHMC
FR0006321998;Martin Maurel(fin);MLFMM
FR0006563904;Hotl.Immob.Nice;MLHIN
FR0006823092;Part.Indles Mini.;MLHOP
FR0006859039;Imm.Paris.Perle;MLIPP
FR0007200100;Eaux De Royan;MLEDR
FR0007261425;Thermes De Saujon;MLTDS
FR0010033480;Visio Nerf;MLVIS
FR0010035816;Corep Lighting;MLCOR
FR0010038570;Raphael Michel S A;MLRAM
FR0010050773;A Toute Vitesse;MLATV
FR0010071530;Ferco Dev.;MLFER
FR0010086371;Imalliance;MLIML
FR0010106039;Body One;MLONE
FR0010108688;Global Interface;MLGLO
FR0010157115;Euroland Corporate;MLERO
FR0010176115;Olmix;MLOLM
FR0010312181;Hopening;MLHPE
FR0010328302;Made;MLMAD
FR0010358507;Newsinvest;MLNEI
FR0010436170;Batla Minerals;MLBAT
FR0010447086;Cheops Technology;MLCHE
FR0010480517;Financiere Croissance Inv.;MLFCI
FR0010480533;Solia;MLSOL
FR0010487272;Finaxo;MLFXO
FR0010492181;Metalliance;MLETA
FR0010500363;Miguet et Associes Regr.;MLNMA
FR0010518605;Silkan Rt;MLARI
FR0010679365;Silc;MLSIL
FR0010688465;Weaccess Group;MLWEA
FR0010717579;Cecurity;MLCEC
FR0010762740;Acep France;MLACP
FR0010768770;Weya;MLWEY
FR0010772426;Arthur Maury;MLAMY
FR0010776658;Debflex;MLDEX
FR0010777680;Ipernity;MLIPY
FR0010781377;Caire;MLAAE
FR0010823724;France Tourisme;MLFTI
FR0010827741;Magillem Design Services;MLMGL
FR0010882886;Monfinancier;MLMON
FR0010921163;Leaderlease;MLLEA
FR0010923433;Artsnet;MLART
FR0010945733;EES;MLEES
FR0010959684;Colipays;MLCLP
FR0010972091;Scemi;MLCMI
FR0010976746;MNR Group;MLMNR
FR0010979377;Activium Group;MLACT
FR0011040690;Tpsh;MLPSH
FR0011076595;Televista;MLVST
FR0011131788;Smalto;MLSML
FR0011158823;Infoclip;MLIFC
FR0011421817;Novaday;MLLED
FR0011442235;Jane France;MLJAN
FR0011605617;Fonciere Vindi;MLVIN
FR0011612837;Eon Motors Group;MLEMG
FR0011776889;Umalis Group;MLUMG
FR0011896463;Audience Labs;MLAUD
FR0011908045;AG3i;MLAGI
FR0012060036;Universal System Group;MLUSG
FR0012222149;DataHertz;MLDHZ
FR0012300424;Franck Deville;MLFDV
FR0012336675;D2L Group;MLGEL
FR0012336691;Home Concept France;MLHCF
FR0012384907;CIOA;MLCIO
FR0012395457;AS Rapido Pret;ML350
FR0012735355;Point Parfums;MLPPF
FR0012807352;Compagnie Coloniale;MLCCL
FR0012833770;Valoneo;MLVAL
FR0012880482;Integral;MLITG
FR0012968485;Ashler et Manson;MLAEM
FR0012990968;Mulann;MLMUL
FR0012991040;Cie Miniere Grecemar;MLCMG
FR0013063559;Steam France;MLSTM
FR0013072741;O Sorbet d'Amour;MLOSA
FR0013110053;Brico-distribution;MLBRI
FR0013155975;La savonnerie de Nyons;MLSDN
FR0013180189;Un toit pour toi;MLUTP
FR0013182235;Aroma Celte;MLARO
FR0013230067;Multimicrocloud;MLMMC
FR0013251584;Health;MLAHC
FR0013253812;Alveen;MLALV
FR0013266772;One Experience;MLOEX
FR0013285103;Air Marine;MLAIM
FR0013310281;Octopus Robots;MLOCT
FR0013340973;Blue Shark Power System;MLBSP
FR0013344223;Nature et Logis;MLNAT
FR0013419876;Kumulus Vape;MLVAP
GB00B8GJBS16;Sumo Resources;MLSUM
GB00B92JR174;Microskin Plc;MLSKN
HK0000038429;Lionax;MLION
HK0000038783;Easson Telecom;MLEAS
HK0000041928;Vestasia Limited;MLVES
HK0000043510;China Super Power;MLCSP
HK0000058161;China Treasure Mine;MLTMT
IT0004999758;Essere Benessere;MLEBX
IT0005071664;Hightel Towers;MLHTT
IT0005072035;Luigi Botto;MLLB
IT0005072167;Sintesie;MLSNT
IT0005072811;Semplicemente;MLSMP
IT0005154635;DWC 3.0;MLDWC
IT0005324105;Media Lab;MLLAB
IT0005336521;Italy Innovazioni;MLITN
IT0005391161;Innovative Rfk;MLIRF
LU0881232630;Dynex Energy;MLDYX
LU1179353617;Mandalore Holding;MLMHO
LU1840650458;Guandao Puer Inves;MLGDI
NL0010273694;Amatheon Agri;MLAAH
NL0010623518;Sequa Petroleum;MLSEQ
NL0012650535;Parx Plastics;MLPRX
PTAZR0AM0006;Azorean Aquatic Technologies SA;MLAAT
PTGVE1AE0009;Gentlemen’s Equity SA;MLGEQ
SE0007045380;Design Your Home;MLDYH
ZAE000058723;DRDGold;MLDUR
ZM0000000037;Zambia Cons. Cat. B;MLZAM
BE0974310428;X-Fab;XFAB
CH0308403085;GeNeuro;GNRO
FR0000030827;Ige + Xao;IGE
FR0000031577;Virbac;VIRP
FR0000032278;Latecoere;LAT
FR0000032526;Guerbet;GBT
FR0000032658;Synergie;SDG
FR0000033003;Touax;TOUP
FR0000033219;Altarea;ALTA
FR0000033243;Immob.Dassault;IMDA
FR0000033904;Jacquet Metals;JCQ
FR0000035164;Beneteau;BEN
FR0000035370;Bastide Le Confort;BLC
FR0000036105;Affine RE.;IML
FR0000036675;Groupe Crit;CEN
FR0000036816;Tour Eiffel;EIFF
FR0000038242;Lumibird;LBIRD
FR0000038465;Passat;PSAT
FR0000038531;Hf;HF
FR0000038606;Manitou Bf;MTU
FR0000039091;Robertet;RBT
FR0000039109;Seche Environnement;SCHP
FR0000039232;Aurea;AURE
FR0000039620;Mersen;MRN
FR0000044612;Afone;AFO
FR0000050353;Lisi;FII
FR0000051070;Maurel Et Prom;MAU
FR0000051393;Idi;IDIP
FR0000052516;Vilmorin Cie;RIN
FR0000052623;Dedalus France;DEDAL
FR0000052680;Oeneo;SBT
FR0000053027;Akwel;AKW
FR0000053035;Gea Grenobl.Elect.;GEA
FR0000053324;Alpes (compagnie);CDA
FR0000053381;Derichebourg;DBG
FR0000053506;Cegedim;CGM
FR0000053837;Altamir;LTA
FR0000054199;St Dupont;DPT
FR0000054231;High Co;HCO
FR0000054322;Cibox Inter A Ctiv;CIB
FR0000060329;Psb Industries;PSB
FR0000060402;Albioma;ABIO
FR0000060790;Signaux Girod;GIRO
FR0000060832;Precia;PREC
FR0000060873;Marie Brizard Wine and Spirits;MBWS
FR0000060949;Tivoly;TVLY
FR0000061129;Boiron;BOI
FR0000062671;Groupe Gorge;GOE
FR0000062796;Vranken Monopole;VRAP
FR0000062804;Alpha Mos;ALM
FR0000062978;Adl Partner;ALP
FR0000063091;Anf Immobilier;ANF
FR0000063737;Aubay;AUB
FR0000063935;Bonduelle;BON
FR0000064297;Innelec Multimedia;INN
FR0000064404;Media 6;EDI
FR0000064446;CIS (Catering Intl Sces);CTRG
FR0000064784;FFP;FFP
FR0000065278;Hopscotch Groupe;HOP
FR0000065484;Lectra;LSS
FR0000065864;Sogeclair;SOG
FR0000066052;Avenir Telecom;AVT
FR0000066607;Lacroix Industries;LACR
FR0000066672;Gl Events;GLO
FR0000066722;Guillemot;GUI
FR0000066755;Haulotte Group;PIG
FR0000071797;Infotel;INF
FR0000072373;Egide;GID
FR0000072399;Belier;BELI
FR0000072597;It Link;ITL
FR0000072894;Cast;CAS
FR0000073041;Pierre Vacances;VAC
FR0000073793;Devoteam;DVT
FR0000073843;ITS group;ITS
FR0000074072;Bigben Interactive;BIG
FR0000074148;Assystem;ASY
FR0000074197;Union Tech.Infor.;FPG
FR0000074759;Fleury Michon;FLE
FR0000074783;Artmarket.com;PRC
FR0000075442;Groupe LDLC;ALLDL
FR0000075954;Riber;RIB
FR0000076655;Actia Group;ATI
FR0000076861;Acteos;EOS
FR0000076887;Ast Groupe;ASP
FR0000077570;Micropole;MUN
FR0000079634;Geci Intl;GECP
FR0000120388;Recylex;RX
FR0000120669;Esso;ES
FR0000121295;Lebon;LBON
FR0000130692;Chargeurs;CRI
FR0000182479;Archos;JXR
FR0004007813;Kaufman Et Broad;KOF
FR0004016699;Smtpc;SMTPC
FR0004024222;Interparfums;ITP
FR0004026151;Itesoft;ITE
FR0004029411;Keyrus;KEY
FR0004031763;Coheris;COH
FR0004034072;Xilam Animation;XIL
FR0004037125;April;APR
FR0004040608;Abc Arbitrage;ABCA
FR0004042083;Aufeminin;FEM
FR0004050300;Groupe Open;OPN
FR0004056851;Valneva;VLA
FR0004076891;Groupe Flo;FLO
FR0004110310;Esi Group;ESI
FR0004152874;Advenis;ADV
FR0004154060;Netgem;NTG
FR0004155000;Groupe Sfpi;SFPI
FR0004156297;Linedata Services;LIN
FR0004159473;Hexaom;HEXA
FR0004170017;LNA SANTE;LNA
FR0004177046;Metabolic Explorer;METEX
FR0004180537;Akka Technologies;AKA
FR0004180578;Sword Group;SWP
FR0004548873;Bourbon Corporation;GBB
FR0005175080;Transgene;TNG
FR0007317813;CS (Com. et Systemes);SX
FR0010095596;Onxeo;ONXEO
FR0010193052;Catana Group;CATG
FR0010193979;CBO Territoria;CBOT
FR0010214064;Groupe Pizzorno Environnement;GPE
FR0010282822;SES Imagotag;SESL
FR0010291245;Verimatrix;VMX
FR0010298620;Memscap;MEMS
FR0010331421;Innate Pharma;IPH
FR0010380626;Prologue;PROL
FR0010395681;Altur Investissement;ALTUR
FR0010428771;Olympique Lyonnais (Groupe);OLG
FR0010436584;DNXCorp;ALDNX
FR0010478248;Atari;ATA
FR0010490920;EuropaCorp;ECP
FR0010501692;Generix;GENX
FR0010526814;SuperSonic Imagine;SSI
FR0010557264;Ab Science;AB
FR0010609263;Mauna Kea;MKEA
FR0010828137;Carmila;CARM
FR0010929125;ID Logistics;IDL
FR0010949404;Stentys;STNT
FR0011026749;Dalet;DLT
FR0011040500;Axway Software;AXW
FR0011051598;Amoeba Biocide;AMEBA
FR0011184241;Adocia;ADOC
FR0011191766;Eos Imaging;EOSI
FR0011271600;Fermentalg;FALG
FR0011277391;Fonciere Paris Nord;FPN
FR0011289040;SQLI;SQI
FR0011341205;Nanobiotix;NANO
FR0011466069;Ekinops;EKI
FR0011471135;Erytech Pharma;ERYP
FR0011471291;Ymagis;MAGIS
FR0011665280;Figeac Aero;FGA
FR0011742329;McPhy Energy;MCPHY
FR0011790542;Genkyotex;GKTX
FR0011799907;Genomic Vision;GV
FR0011800218;Awox;AWOX
FR0011950641;Pixium Vision;ALPIX
FR0011950682;Sergeferrari Group;SEFER
FR0011992700;Ateme;ATEME
FR0011995588;Voltalia;VLTSA
FR0012127173;Ose Immunotherapeutics;OSE
FR0012202497;Diagnostic Medical;DGM
FR0012333284;Abivax;ABVX
FR0012432516;Poxel;POXEL
FR0012612646;Groupe Partouche;PARP
FR0012613610;Prodways Group;PWG
FR0012616852;Abionyx Pharma;ABNX
FR0012789667;Amplitude Surgical;AMPLI
FR0012821890;Adux;ADUX
FR0012821916;Hipay Group;HIPAY
FR0012872141;Jacques Bogart;JBOG
FR0012882389;Pharmagest Inter.;PHA
FR0012938884;Solocal Group;LOCAL
FR0012969095;Capelli;CAPLI
FR0013006558;Showroomprive;SRP
FR0013018041;Navya;NAVYA
FR0013018124;Nicox;COX
FR0013030152;Francaise de l’Energie;LFDE
FR0013183589;Aures Technologies;AURS
FR0013183985;GenSight Biologics;SIGHT
FR0013185857;Abeo;ABEO
FR0013190410;Orchestra-Premaman;KAZI
FR0013214145;Smcp;SMCP
FR0013230612;Tikehau Capital;TKO
FR0013233012;Inventiva;IVA
FR0013233475;Lysogene;LYS
FR0013247137;Mediawan;MDW
FR0013252186;Plast. Val de Loire;PVL
FR0013258399;Balyo;BALYO
FR0013258589;Antalis;ANTA
FR0013283108;Delta Plus Group;DLTA
FR0013284080;Biom Up;BUP
FR0013296746;Advicenne;ADVIC
FR0013318813;PARAGON ID;PID
FR0013341781;2crsi;2CRSI
FR0013357621;Wavestone;WAVE
FR0013426004;Claranova;CLA
FR0013467123;Safe Orthopaedics;ALSAF
GA0000121459;Total Gabon;EC
FR0000031684;Rothschild & Co;ROTH
FR0000031775;Vicat;VCT
FR0000034639;Altran Techn.;ALT
FR0000035081;Icade;ICAD
FR0000038259;Eurofins Scient.;ERF
FR0000039299;Bollore;BOL
FR0000044448;Nexans;NEX
FR0000050809;Sopra Steria Group;SOP
FR0000053225;Metropole Tv;MMT
FR0000054900;Tf1;TFI
FR0000064578;Covivio;COV
FR0000071946;Alten;ATE
FR0000073298;Ipsos;IPS
FR0000077919;Jc Decaux Sa.;DEC
FR0000120222;Cnp Assurances;CNP
FR0000120354;Vallourec;VK
FR0000120560;Quadient;QDT
FR0000120859;Imerys;NK
FR0000120966;Bic;BB
FR0000121121;Eurazeo;RF
FR0000121204;Wendel Invest.;MF
FR0000121709;Seb;SK
FR0000121725;Dassault Aviation;AM
FR0000124570;Plastic Omnium;POM
FR0000125585;Casino Guichard;CO
FR0000130213;Lagardere;MMB
FR0000130395;Remy Cointreau;RCO
FR0000131757;Eramet;ERA
FR0000184798;Orpea;ORP
FR0004035913;Iliad;ILD
FR0004125920;Amundi;AMUN
FR0004163111;Genfit;GNFT
FR0004188670;Tarkett;TKTT
FR0005691656;Trigano;TRI
FR0010112524;Nexity;NXI
FR0010221234;Eutelsat Com.;ETL
FR0010241638;Mercialys;MERY
FR0010259150;Ipsen;IPN
FR0010340141;Adp;ADP
FR0010386334;Korian;KORI
FR0010417345;Dbv Technologies;DBV
FR0010451203;Rexel;RXL
FR0010667147;Coface;COFA
FR0010918292;Technicolor;TCH
FR0011476928;Fnac Darty;FNAC
FR0011726835;GTT;GTT
FR0011950732;Elior Group;ELIOR
FR0011981968;Worldline;WLN
FR0012435121;Elis;ELIS
FR0012757854;Spie;SPIE
FR0012789949;Europcar Mobility;EUCAR
FR0013153541;Maisons du Monde;MDM
FR0013154002;Sartorius Stedim Biotech;DIM
FR0013181864;CGG;CGG
FR0013227113;Soitec Silicon;SOI
FR0013258662;Ald;ALD
FR0013269123;Rubis;RUI
FR0013280286;Biomerieux;BIM
LU0569974404;Aperam;APAM
NL0006294274;Euronext;ENX
BE0974310428;X-Fab;XFAB
CH0308403085;GeNeuro;GNRO
FR0000030827;Ige + Xao;IGE
FR0000031577;Virbac;VIRP
FR0000031684;Rothschild & Co;ROTH
FR0000031775;Vicat;VCT
FR0000032278;Latecoere;LAT
FR0000032526;Guerbet;GBT
FR0000032658;Synergie;SDG
FR0000033003;Touax;TOUP
FR0000033219;Altarea;ALTA
FR0000033243;Immob.Dassault;IMDA
FR0000033904;Jacquet Metals;JCQ
FR0000034639;Altran Techn.;ALT
FR0000035081;Icade;ICAD
FR0000035164;Beneteau;BEN
FR0000035370;Bastide Le Confort;BLC
FR0000036675;Groupe Crit;CEN
FR0000036816;Tour Eiffel;EIFF
FR0000038242;Lumibird;LBIRD
FR0000038259;Eurofins Scient.;ERF
FR0000038465;Passat;PSAT
FR0000038531;Hf;HF
FR0000038606;Manitou Bf;MTU
FR0000039091;Robertet;RBT
FR0000039109;Seche Environnement;SCHP
FR0000039232;Aurea;AURE
FR0000039620;Mersen;MRN
FR0000044448;Nexans;NEX
FR0000044612;Afone;AFO
FR0000050353;Lisi;FII
FR0000050809;Sopra Steria Group;SOP
FR0000051070;Maurel Et Prom;MAU
FR0000051393;Idi;IDIP
FR0000052516;Vilmorin Cie;RIN
FR0000052623;Dedalus France;DEDAL
FR0000052680;Oeneo;SBT
FR0000053027;Akwel;AKW
FR0000053035;Gea Grenobl.Elect.;GEA
FR0000053225;Metropole Tv;MMT
FR0000053324;Alpes (compagnie);CDA
FR0000053381;Derichebourg;DBG
FR0000053506;Cegedim;CGM
FR0000053837;Altamir;LTA
FR0000054199;St Dupont;DPT
FR0000054231;High Co;HCO
FR0000054322;Cibox Inter A Ctiv;CIB
FR0000054900;Tf1;TFI
FR0000060329;Psb Industries;PSB
FR0000060402;Albioma;ABIO
FR0000060790;Signaux Girod;GIRO
FR0000060832;Precia;PREC
FR0000060873;Marie Brizard Wine and Spirits;MBWS
FR0000060949;Tivoly;TVLY
FR0000061129;Boiron;BOI
FR0000062671;Groupe Gorge;GOE
FR0000062796;Vranken Monopole;VRAP
FR0000062804;Alpha Mos;ALM
FR0000062978;Adl Partner;ALP
FR0000063737;Aubay;AUB
FR0000063935;Bonduelle;BON
FR0000064297;Innelec Multimedia;INN
FR0000064404;Media 6;EDI
FR0000064446;CIS (Catering Intl Sces);CTRG
FR0000064578;Covivio;COV
FR0000064784;FFP;FFP
FR0000065278;Hopscotch Groupe;HOP
FR0000065484;Lectra;LSS
FR0000065864;Sogeclair;SOG
FR0000066052;Avenir Telecom;AVT
FR0000066607;Lacroix Industries;LACR
FR0000066672;Gl Events;GLO
FR0000066722;Guillemot;GUI
FR0000066755;Haulotte Group;PIG
FR0000071797;Infotel;INF
FR0000071946;Alten;ATE
FR0000072373;Egide;GID
FR0000072399;Belier;BELI
FR0000072597;It Link;ITL
FR0000072894;Cast;CAS
FR0000073041;Pierre Vacances;VAC
FR0000073298;Ipsos;IPS
FR0000073793;Devoteam;DVT
FR0000073843;ITS group;ITS
FR0000074072;Bigben Interactive;BIG
FR0000074148;Assystem;ASY
FR0000074197;Union Tech.Infor.;FPG
FR0000074759;Fleury Michon;FLE
FR0000074783;Artmarket.com;PRC
FR0000075442;Groupe LDLC;ALLDL
FR0000075954;Riber;RIB
FR0000076655;Actia Group;ATI
FR0000076861;Acteos;EOS
FR0000076887;Ast Groupe;ASP
FR0000077570;Micropole;MUN
FR0000077919;Jc Decaux Sa.;DEC
FR0000079634;Geci Intl;GECP
FR0000120222;Cnp Assurances;CNP
FR0000120354;Vallourec;VK
FR0000120388;Recylex;RX
FR0000120560;Quadient;QDT
FR0000120669;Esso;ES
FR0000120859;Imerys;NK
FR0000120966;Bic;BB
FR0000121121;Eurazeo;RF
FR0000121204;Wendel Invest.;MF
FR0000121295;Lebon;LBON
FR0000121709;Seb;SK
FR0000121725;Dassault Aviation;AM
FR0000124570;Plastic Omnium;POM
FR0000125585;Casino Guichard;CO
FR0000130213;Lagardere;MMB
FR0000130395;Remy Cointreau;RCO
FR0000130692;Chargeurs;CRI
FR0000131757;Eramet;ERA
FR0000182479;Archos;JXR
FR0000184798;Orpea;ORP
FR0004007813;Kaufman Et Broad;KOF
FR0004016699;Smtpc;SMTPC
FR0004024222;Interparfums;ITP
FR0004026151;Itesoft;ITE
FR0004029411;Keyrus;KEY
FR0004031763;Coheris;COH
FR0004034072;Xilam Animation;XIL
FR0004035913;Iliad;ILD
FR0004037125;April;APR
FR0004040608;Abc Arbitrage;ABCA
FR0004050300;Groupe Open;OPN
FR0004056851;Valneva;VLA
FR0004076891;Groupe Flo;FLO
FR0004110310;Esi Group;ESI
FR0004125920;Amundi;AMUN
FR0004152874;Advenis;ADV
FR0004154060;Netgem;NTG
FR0004155000;Groupe Sfpi;SFPI
FR0004156297;Linedata Services;LIN
FR0004159473;Hexaom;HEXA
FR0004163111;Genfit;GNFT
FR0004170017;LNA SANTE;LNA
FR0004177046;Metabolic Explorer;METEX
FR0004180537;Akka Technologies;AKA
FR0004180578;Sword Group;SWP
FR0004188670;Tarkett;TKTT
FR0004548873;Bourbon Corporation;GBB
FR0005175080;Transgene;TNG
FR0005691656;Trigano;TRI
FR0007317813;CS (Com. et Systemes);SX
FR0010095596;Onxeo;ONXEO
FR0010112524;Nexity;NXI
FR0010193052;Catana Group;CATG
FR0010193979;CBO Territoria;CBOT
FR0010214064;Groupe Pizzorno Environnement;GPE
FR0010221234;Eutelsat Com.;ETL
FR0010241638;Mercialys;MERY
FR0010259150;Ipsen;IPN
FR0010282822;SES Imagotag;SESL
FR0010291245;Verimatrix;VMX
FR0010298620;Memscap;MEMS
FR0010331421;Innate Pharma;IPH
FR0010340141;Adp;ADP
FR0010380626;Prologue;PROL
FR0010386334;Korian;KORI
FR0010395681;Altur Investissement;ALTUR
FR0010417345;Dbv Technologies;DBV
FR0010428771;Olympique Lyonnais (Groupe);OLG
FR0010436584;DNXCorp;ALDNX
FR0010451203;Rexel;RXL
FR0010478248;Atari;ATA
FR0010490920;EuropaCorp;ECP
FR0010501692;Generix;GENX
FR0010526814;SuperSonic Imagine;SSI
FR0010533075;Getlink (ex: Eurotunnel);GET
FR0010557264;Ab Science;AB
FR0010609263;Mauna Kea;MKEA
FR0010667147;Coface;COFA
FR0010828137;Carmila;CARM
FR0010918292;Technicolor;TCH
FR0010929125;ID Logistics;IDL
FR0010949404;Stentys;STNT
FR0011026749;Dalet;DLT
FR0011040500;Axway Software;AXW
FR0011051598;Amoeba Biocide;AMEBA
FR0011184241;Adocia;ADOC
FR0011191766;Eos Imaging;EOSI
FR0011271600;Fermentalg;FALG
FR0011277391;Fonciere Paris Nord;FPN
FR0011289040;SQLI;SQI
FR0011341205;Nanobiotix;NANO
FR0011466069;Ekinops;EKI
FR0011471135;Erytech Pharma;ERYP
FR0011471291;Ymagis;MAGIS
FR0011476928;Fnac Darty;FNAC
FR0011665280;Figeac Aero;FGA
FR0011726835;GTT;GTT
FR0011742329;McPhy Energy;MCPHY
FR0011790542;Genkyotex;GKTX
FR0011799907;Genomic Vision;GV
FR0011800218;Awox;AWOX
FR0011950641;Pixium Vision;ALPIX
FR0011950682;Sergeferrari Group;SEFER
FR0011950732;Elior Group;ELIOR
FR0011981968;Worldline;WLN
FR0011992700;Ateme;ATEME
FR0011995588;Voltalia;VLTSA
FR0012127173;Ose Immunotherapeutics;OSE
FR0012202497;Diagnostic Medical;DGM
FR0012333284;Abivax;ABVX
FR0012432516;Poxel;POXEL
FR0012435121;Elis;ELIS
FR0012612646;Groupe Partouche;PARP
FR0012613610;Prodways Group;PWG
FR0012616852;Abionyx Pharma;ABNX
FR0012757854;Spie;SPIE
FR0012789667;Amplitude Surgical;AMPLI
FR0012789949;Europcar Mobility;EUCAR
FR0012821890;Adux;ADUX
FR0012821916;Hipay Group;HIPAY
FR0012872141;Jacques Bogart;JBOG
FR0012882389;Pharmagest Inter.;PHA
FR0012938884;Solocal Group;LOCAL
FR0012969095;Capelli;CAPLI
FR0013006558;Showroomprive;SRP
FR0013018041;Navya;NAVYA
FR0013018124;Nicox;COX
FR0013030152;Francaise de l’Energie;LFDE
FR0013153541;Maisons du Monde;MDM
FR0013154002;Sartorius Stedim Biotech;DIM
FR0013181864;CGG;CGG
FR0013183589;Aures Technologies;AURS
FR0013183985;GenSight Biologics;SIGHT
FR0013185857;Abeo;ABEO
FR0013190410;Orchestra-Premaman;KAZI
FR0013214145;Smcp;SMCP
FR0013227113;Soitec Silicon;SOI
FR0013230612;Tikehau Capital;TKO
FR0013233012;Inventiva;IVA
FR0013233475;Lysogene;LYS
FR0013247137;Mediawan;MDW
FR0013252186;Plast. Val de Loire;PVL
FR0013258399;Balyo;BALYO
FR0013258589;Antalis;ANTA
FR0013258662;Ald;ALD
FR0013269123;Rubis;RUI
FR0013280286;Biomerieux;BIM
FR0013283108;Delta Plus Group;DLTA
FR0013284080;Biom Up;BUP
FR0013296746;Advicenne;ADVIC
FR0013318813;PARAGON ID;PID
FR0013341781;2crsi;2CRSI
FR0013357621;Wavestone;WAVE
FR0013426004;Claranova;CLA
FR0013467123;Safe Orthopaedics;ALSAF
GA0000121459;Total Gabon;EC
LU0569974404;Aperam;APAM
NL0006294274;Euronext;ENX
FR0000045072;Credit Agricole;ACA
FR0000051732;Atos;ATO
FR0000052292;Hermes;RMS
FR0000073272;Safran;SAF
FR0000120073;Air Liquide;AI
FR0000120172;Carrefour;CA
FR0000120271;Total;FP
FR0000120321;L'oreal;OR
FR0000120404;Accor Hotels;AC
FR0000120503;Bouygues;EN
FR0000120578;Sanofi;SAN
FR0000120628;Axa;CS
FR0000120644;Danone;BN
FR0000120693;Pernod Ricard;RI
FR0000121014;Lvmh;MC
FR0000121220;Sodexo;SW
FR0000121261;Michelin;ML
FR0000121329;Thales;HO
FR0000121485;Kering;KER
FR0000121501;Peugeot;UG
FR0000121667;EssilorLuxottica;EL
FR0000121972;Schneider Electric;SU
FR0000124141;Veolia Environ.;VIE
FR0000125007;Saint Gobain;SGO
FR0000125338;CapGemini;CAP
FR0000125486;Vinci;DG
FR0000127771;Vivendi;VIV
FR0000130577;Publicis Groupe;PUB
FR0000130650;Dassault Systemes;DSY
FR0000130809;Societe Generale;GLE
FR0000131104;Bnp Paribas;BNP
FR0000131906;Renault;RNO
FR0000133308;Orange;ORA
FR0010208488;Engie;ENGI
FR0010307819;Legrand SA;LR
FR0011981968;Worldline;WLN
FR0013326246;Unibail Rodamco Wes;URW
LU1598757687;Arcelor Mittal;MT
NL0000226223;Stmicroelectronics;STM
NL0000235190;Airbus;AIR
BE0946620946;Dalenys;NYS
CH0008853209;Agta Record;AGTA
CM0000035113;Brasserie Cameroun;BCAM
FR0000030074;Malteries Fco-Bel.;MALT
FR0000030140;Sofragi;SOFR
FR0000030611;Galimmo;GALIM
FR0000030827;Ige + Xao;IGE
FR0000031023;Electricite de Strasbourg;ELEC
FR0000032278;Latecoere;LAT
FR0000032302;Manutan Intl;MAN
FR0000032526;Guerbet;GBT
FR0000033243;Immob.Dassault;IMDA
FR0000033904;Jacquet Metals;JCQ
FR0000034548;Union Fin.France;UFF
FR0000034894;Gaumont;GAM
FR0000035123;Finatis;FNTS
FR0000035263;Lafuma;LAF
FR0000035370;Bastide Le Confort;BLC
FR0000036105;Affine RE.;IML
FR0000036675;Groupe Crit;CEN
FR0000036816;Tour Eiffel;EIFF
FR0000036857;SIPH;SIPH
FR0000037343;Explosifs Prod.Chi.Pf;EPCP
FR0000038499;Fonciere Euris;EURS
FR0000039026;Groupe EPC;EXPL
FR0000039091;Robertet;RBT
FR0000039109;Seche Environnement;SCHP
FR0000039216;Altareit;AREIT
FR0000039620;Mersen;MRN
FR0000045213;Crcam Ille-Vil.Cci;CIV
FR0000045528;Crcam Paris Et Idf;CAF
FR0000045544;Credit Agricole Toulouse 31;CAT31
FR0000045601;Robertet Ci;CBE
FR0000045619;Robertet CDV 87;CBR
FR0000050049;Viel Et Compagnie;VIL
FR0000051070;Maurel Et Prom;MAU
FR0000051393;Idi;IDIP
FR0000052680;Oeneo;SBT
FR0000052896;Chauffage Urbain;CHAU
FR0000053027;Akwel;AKW
FR0000053324;Alpes (compagnie);CDA
FR0000053399;CNIM Group;COM
FR0000053506;Cegedim;CGM
FR0000053514;PCAS;PCA
FR0000053837;Altamir;LTA
FR0000054678;Euro Ressources;EUR
FR0000054694;Naturex;NRX
FR0000060071;Samse;SAMS
FR0000060329;Psb Industries;PSB
FR0000060402;Albioma;ABIO
FR0000060535;Fiducial Real Estate;ORIA
FR0000060618;Rallye;RAL
FR0000060873;Marie Brizard Wine and Spirits;MBWS
FR0000061459;Gerard Perrier Industrie;PERR
FR0000062101;Ferm.Cas.Mun.Canne;FCMC
FR0000062671;Groupe Gorge;GOE
FR0000062796;Vranken Monopole;VRAP
FR0000063091;Anf Immobilier;ANF
FR0000063737;Aubay;AUB
FR0000064123;Baccarat;BCRA
FR0000065484;Lectra;LSS
FR0000066672;Gl Events;GLO
FR0000066755;Haulotte Group;PIG
FR0000071797;Infotel;INF
FR0000072399;Belier;BELI
FR0000073041;Pierre Vacances;VAC
FR0000073793;Devoteam;DVT
FR0000074072;Bigben Interactive;BIG
FR0000074122;Sii;SII
FR0000074148;Assystem;ASY
FR0000074759;Fleury Michon;FLE
FR0000076655;Actia Group;ATI
FR0000120388;Recylex;RX
FR0000120669;Esso;ES
FR0000121295;Lebon;LBON
FR0000121352;Locindus;LD
FR0000121691;Nrj Group;NRG
FR0000130692;Chargeurs;CRI
FR0000185506;Crcam Atl.Vend.Cci;CRAV
FR0000185514;Crcam Nord Cci;CNF
FR0004007813;Kaufman Et Broad;KOF
FR0004023208;Bassac;BASS
FR0004034072;Xilam Animation;XIL
FR0004037125;April;APR
FR0004038099;Gfi Informatique;GFI
FR0004038263;Parrot;PARRO
FR0004040608;Abc Arbitrage;ABCA
FR0004042083;Aufeminin;FEM
FR0004050250;Neurones;NRO
FR0004050300;Groupe Open;OPN
FR0004056851;Valneva;VLA
FR0004076891;Groupe Flo;FLO
FR0004110310;Esi Group;ESI
FR0004155000;Groupe Sfpi;SFPI
FR0004156297;Linedata Services;LIN
FR0004159473;Hexaom;HEXA
FR0004163111;Genfit;GNFT
FR0004170017;LNA SANTE;LNA
FR0004180537;Akka Technologies;AKA
FR0004180578;Sword Group;SWP
FR0004186856;Vetoquinol;VETO
FR0004527638;Exel Industries A;EXE
FR0004529147;Tessi;TES
FR0004548873;Bourbon Corporation;GBB
FR0005175080;Transgene;TNG
FR0006864484;Laurent-Perrier;LPE
FR0010099515;Eca;ECASA
FR0010221234;Eutelsat Com.;ETL
FR0010282822;SES Imagotag;SESL
FR0010291245;Verimatrix;VMX
FR0010309096;Cegereal;CGR
FR0010331421;Innate Pharma;IPH
FR0010341032;Fonciere Inea;INEA
FR0010428771;Olympique Lyonnais (Groupe);OLG
FR0010481960;Argan;ARG
FR0010483768;CRCAM Brie Pic2CCI;CRBP2
FR0010557264;Ab Science;AB
FR0010588079;Frey;FREY
FR0010929125;ID Logistics;IDL
FR0011027135;Patrimoine et Commerce;PAT
FR0011040500;Axway Software;AXW
FR0011284991;Futuren;FTRN
FR0011341205;Nanobiotix;NANO
FR0011471135;Erytech Pharma;ERYP
FR0011592104;Blue Solutions;BLUE
FR0011665280;Figeac Aero;FGA
FR0011992700;Ateme;ATEME
FR0011995588;Voltalia;VLTSA
FR0012432516;Poxel;POXEL
FR0012612646;Groupe Partouche;PARP
FR0012613610;Prodways Group;PWG
FR0012789386;Nextstage;NEXTS
FR0012789667;Amplitude Surgical;AMPLI
FR0012872141;Jacques Bogart;JBOG
FR0012882389;Pharmagest Inter.;PHA
FR0012938884;Solocal Group;LOCAL
FR0013006558;Showroomprive;SRP
FR0013018041;Navya;NAVYA
FR0013018124;Nicox;COX
FR0013185857;Abeo;ABEO
FR0013247137;Mediawan;MDW
FR0013252186;Plast. Val de Loire;PVL
FR0013258399;Balyo;BALYO
FR0013283108;Delta Plus Group;DLTA
FR0013295789;TFF Group;TFF
FR0013333432;Thermador Groupe;THEP
FR0013344173;Roche Bobois;RBO
FR0013357621;Wavestone;WAVE
FR0013426004;Claranova;CLA
FR0013482791;Nacon;NACON
GA0000121459;Total Gabon;EC
GB00BZ21RF93;Stallergenes Greer;STAGR
MC0000031187;Bains Mer Monaco;BAIN
NL0010489522;Constellium;CSTM
BE0974269012;ADC SIIC;ALDV
BE0974280126;Bone Therapeutics;BOTHE
BE0974289218;Asit;ASIT
BMG9887P1068;ZCI Limited;CV
CH0008175645;Televerbier;TVRB
CH0308403085;GeNeuro;GNRO
CI0000053161;Forestiere Equatoriale;FORE
FR0000031973;Fayenc.Sarreguemi.;FAYE
FR0000033003;Touax;TOUP
FR0000035719;Elect. Madagascar;EEM
FR0000035784;Digigram;DIG
FR0000036980;IMMOB.HOTELIERE;IMHO
FR0000037475;CFI;CFI
FR0000037970;Musee Grevin;GREV
FR0000038184;Fipp;FIPP
FR0000038242;Lumibird;LBIRD
FR0000038465;Passat;PSAT
FR0000038531;Hf;HF
FR0000038804;Sofibus;SFBS
FR0000039232;Aurea;AURE
FR0000039240;Toupargel Groupe;TOU
FR0000039638;La Fonciere Verte;LFVE
FR0000044323;Crcam Alp.Prov.Cci;CRAP
FR0000044364;Crcam Norm.Seine;CCN
FR0000044612;Afone;AFO
FR0000045239;Crcam Loire Hte L.;CRLO
FR0000045304;Crcam Touraine Cci;CRTO
FR0000045346;Crcam Sud R.A.Cci;CRSU
FR0000045551;Crcam Morbihan Cci;CMO
FR0000050395;Crosswood;CROS
FR0000052623;Dedalus France;DEDAL
FR0000052839;DOM Security;DOMS
FR0000053035;Gea Grenobl.Elect.;GEA
FR0000053043;Advini;ADVI
FR0000053944;Fonciere Volta;SPEL
FR0000054199;St Dupont;DPT
FR0000054231;High Co;HCO
FR0000054322;Cibox Inter A Ctiv;CIB
FR0000060121;Saint Jean Groupe;SABE
FR0000060196;M.R.M;MRM
FR0000060451;Installux;STAL
FR0000060790;Signaux Girod;GIRO
FR0000060824;Financiere Marjos;FINM
FR0000060832;Precia;PREC
FR0000060907;Chausseria;CHSR
FR0000060949;Tivoly;TVLY
FR0000061418;Fiducial Office Solutions;SACI
FR0000061475;Eurasia Fonciere Inv.;EFI
FR0000061780;Augros Cosmetics;AUGR
FR0000062150;Bleecker;BLEE
FR0000062341;Fin.Etang Berre;BERR
FR0000062465;Verneuil Particip.;VRNL
FR0000062507;Fin.Etang Berre Pf;EBPF
FR0000062788;Barbara Bui;BUI
FR0000062804;Alpha Mos;ALM
FR0000062978;Adl Partner;ALP
FR0000063034;Fauvet Girel;FAUV
FR0000063307;Tayninh;TAYN
FR0000064156;Carpinienne Part.;CARP
FR0000064164;Exacompta Clairef.;EXAC
FR0000064180;Gds Moulins Stras.;GDMS
FR0000064297;Innelec Multimedia;INN
FR0000064362;Fonciere Altand;FATL
FR0000064388;Tonna Electronique;TONN
FR0000064404;Media 6;EDI
FR0000064446;CIS (Catering Intl Sces);CTRG
FR0000064602;Acanthe Dev.;ACAN
FR0000064958;Intexa;ITXT
FR0000065260;Dock.Petr.Ambes Am;DPAM
FR0000065278;Hopscotch Groupe;HOP
FR0000065393;Courtois;COUR
FR0000065765;Visiodent;SDT
FR0000065864;Sogeclair;SOG
FR0000065930;Fonciere 7 Investissement;LEBL
FR0000065971;Graines Voltz;GRVO
FR0000066052;Avenir Telecom;AVT
FR0000066219;Groupe CIFE;INFE
FR0000066482;Tipiak;TIPI
FR0000066607;Lacroix Industries;LACR
FR0000066680;Videlio;VDLO
FR0000066722;Guillemot;GUI
FR0000072373;Egide;GID
FR0000072563;Sodifrance;SOA
FR0000072597;It Link;ITL
FR0000072894;Cast;CAS
FR0000073843;ITS group;ITS
FR0000074197;Union Tech.Infor.;FPG
FR0000074254;Bourse Direct;BSD
FR0000074783;Artmarket.com;PRC
FR0000075343;Euromedis Groupe;EMG
FR0000075392;Orapi;ORAP
FR0000075517;Soft Computing;SFT
FR0000075954;Riber;RIB
FR0000076861;Acteos;EOS
FR0000076887;Ast Groupe;ASP
FR0000077570;Micropole;MUN
FR0000078321;Soditech Ing.;SEC
FR0000078958;Business Et Decis.;BND
FR0000079634;Geci Intl;GECP
FR0000124232;Groupe IRD;IRD
FR0000131732;Spir Communication;SPI
FR0000182479;Archos;JXR
FR0004010338;Groupe Jaj;GJAJ
FR0004016699;Smtpc;SMTPC
FR0004026151;Itesoft;ITE
FR0004029411;Keyrus;KEY
FR0004031763;Coheris;COH
FR0004035061;Guy Degrenne;GUYD
FR0004052561;Proactis SA;PROAC
FR0004065605;Medincell;MEDCL
FR0004152874;Advenis;ADV
FR0004154060;Netgem;NTG
FR0004165801;Hotels De Paris;HDP
FR0004175842;Selectirente;SELER
FR0004177046;Metabolic Explorer;METEX
FR0004183960;Voluntis;VTX
FR0006239109;Scbsm;CBSM
FR0007317813;CS (Com. et Systemes);SX
FR0010095596;Onxeo;ONXEO
FR0010127662;TxCell;TXCL
FR0010151589;Cafom;CAFO
FR0010193052;Catana Group;CATG
FR0010193979;CBO Territoria;CBOT
FR0010209809;Societe Francaise de Casinos;SFCA
FR0010211615;Quotium Techno;QTE
FR0010214064;Groupe Pizzorno Environnement;GPE
FR0010263202;Paref;PAR
FR0010298620;Memscap;MEMS
FR0010298901;Officiis Propertie;OFP
FR0010380626;Prologue;PROL
FR0010395681;Altur Investissement;ALTUR
FR0010461053;Crcam Langued Cci;CRLA
FR0010478248;Atari;ATA
FR0010490920;EuropaCorp;ECP
FR0010501692;Generix;GENX
FR0010526814;SuperSonic Imagine;SSI
FR0010609206;Orege;OREGE
FR0010609263;Mauna Kea;MKEA
FR0010949404;Stentys;STNT
FR0011026749;Dalet;DLT
FR0011051598;Amoeba Biocide;AMEBA
FR0011184241;Adocia;ADOC
FR0011191766;Eos Imaging;EOSI
FR0011271600;Fermentalg;FALG
FR0011277391;Fonciere Paris Nord;FPN
FR0011289040;SQLI;SQI
FR0011352590;Sequana;SEQ
FR0011466069;Ekinops;EKI
FR0011471291;Ymagis;MAGIS
FR0011742329;McPhy Energy;MCPHY
FR0011790542;Genkyotex;GKTX
FR0011799907;Genomic Vision;GV
FR0011800218;Awox;AWOX
FR0011814938;Boostheat;BOOST
FR0011950641;Pixium Vision;ALPIX
FR0011950682;Sergeferrari Group;SEFER
FR0012127173;Ose Immunotherapeutics;OSE
FR0012185536;Artea;ARTE
FR0012202497;Diagnostic Medical;DGM
FR0012333284;Abivax;ABVX
FR0012616852;Abionyx Pharma;ABNX
FR0012633360;Cellnovo Group;CLNV
FR0012650166;Electro Power Systems;EPS
FR0012821890;Adux;ADUX
FR0012821916;Hipay Group;HIPAY
FR0012969095;Capelli;CAPLI
FR0013030152;Francaise de l’Energie;LFDE
FR0013181864;CGG;CGG
FR0013183589;Aures Technologies;AURS
FR0013183985;GenSight Biologics;SIGHT
FR0013190410;Orchestra-Premaman;KAZI
FR0013233012;Inventiva;IVA
FR0013233475;Lysogene;LYS
FR0013258589;Antalis;ANTA
FR0013284080;Biom Up;BUP
FR0013296746;Advicenne;ADVIC
FR0013318813;PARAGON ID;PID
FR0013335742;Cogelec;COGEC
FR0013341781;2crsi;2CRSI
IE00BJYS1G50;Mainstay Medical Int.;MSTY
SN0000033192;Fin.Ouest Africain;FOAF
SN0008626971;Bras.Ouest Afric.;BOAF
US36254L1008;GT Biopharma;GTBP
AN8068571086;Schlumberger;SLB
BE0003470755;Solvay;SOLB
BE0974310428;X-Fab;XFAB
CH0012214059;LafargeHolcim;LHN
FI0009000681;Nokia;NOKIA
FR0000031122;Air France - KLM;AF
FR0000031577;Virbac;VIRP
FR0000031684;Rothschild & Co;ROTH
FR0000031775;Vicat;VCT
FR0000032658;Synergie;SDG
FR0000033219;Altarea;ALTA
FR0000033409;Fonciere Lyonnaise;FLY
FR0000034639;Altran Techn.;ALT
FR0000035081;Icade;ICAD
FR0000035164;Beneteau;BEN
FR0000038259;Eurofins Scient.;ERF
FR0000038606;Manitou Bf;MTU
FR0000039299;Bollore;BOL
FR0000044448;Nexans;NEX
FR0000044471;Ramsay Generale De Sante;GDS
FR0000045072;Credit Agricole;ACA
FR0000050353;Lisi;FII
FR0000050809;Sopra Steria Group;SOP
FR0000051732;Atos;ATO
FR0000051807;Teleperformance;TEP
FR0000052292;Hermes;RMS
FR0000052516;Vilmorin Cie;RIN
FR0000052870;XPO Logistics;XPO
FR0000053225;Metropole Tv;MMT
FR0000053381;Derichebourg;DBG
FR0000054215;Unibel;UNBL
FR0000054470;Ubisoft Entertainment;UBI
FR0000054900;Tf1;TFI
FR0000060303;Covivio Hotels;COVH
FR0000061129;Boiron;BOI
FR0000061137;Burelle;BUR
FR0000062234;Financiere Odet;ODET
FR0000063935;Bonduelle;BON
FR0000064271;STEF;STF
FR0000064578;Covivio;COV
FR0000064784;FFP;FFP
FR0000071946;Alten;ATE
FR0000073272;Safran;SAF
FR0000073298;Ipsos;IPS
FR0000076952;Artois Nom.;ARTO
FR0000076986;Moncey (fin.) Nom.;MONC
FR0000077919;Jc Decaux Sa.;DEC
FR0000079659;Cambodge Nom.;CBDG
FR0000120073;Air Liquide;AI
FR0000120107;Savencia;SAVE
FR0000120172;Carrefour;CA
FR0000120222;Cnp Assurances;CNP
FR0000120271;Total;FP
FR0000120321;L'oreal;OR
FR0000120354;Vallourec;VK
FR0000120404;Accor Hotels;AC
FR0000120503;Bouygues;EN
FR0000120560;Quadient;QDT
FR0000120578;Sanofi;SAN
FR0000120628;Axa;CS
FR0000120644;Danone;BN
FR0000120685;Natixis;KN
FR0000120693;Pernod Ricard;RI
FR0000120859;Imerys;NK
FR0000120966;Bic;BB
FR0000121014;Lvmh;MC
FR0000121121;Eurazeo;RF
FR0000121147;Faurecia;EO
FR0000121204;Wendel Invest.;MF
FR0000121220;Sodexo;SW
FR0000121261;Michelin;ML
FR0000121329;Thales;HO
FR0000121485;Kering;KER
FR0000121501;Peugeot;UG
FR0000121634;Colas;RE
FR0000121667;EssilorLuxottica;EL
FR0000121709;Seb;SK
FR0000121725;Dassault Aviation;AM
FR0000121857;Fromageries Bel;FBEL
FR0000121964;Klepierre;LI
FR0000121972;Schneider Electric;SU
FR0000124141;Veolia Environ.;VIE
FR0000124570;Plastic Omnium;POM
FR0000125007;Saint Gobain;SGO
FR0000125338;CapGemini;CAP
FR0000125346;Ingenico Group;ING
FR0000125486;Vinci;DG
FR0000125585;Casino Guichard;CO
FR0000125684;Zodiac Aerospace;ZC
FR0000127771;Vivendi;VIV
FR0000130213;Lagardere;MMB
FR0000130395;Remy Cointreau;RCO
FR0000130403;Christian Dior;CDI
FR0000130452;Eiffage;FGR
FR0000130577;Publicis Groupe;PUB
FR0000130650;Dassault Systemes;DSY
FR0000130809;Societe Generale;GLE
FR0000131104;Bnp Paribas;BNP
FR0000131757;Eramet;ERA
FR0000131906;Renault;RNO
FR0000133308;Orange;ORA
FR0000184798;Orpea;ORP
FR0004024222;Interparfums;ITP
FR0004035913;Iliad;ILD
FR0004125920;Amundi;AMUN
FR0004188670;Tarkett;TKTT
FR0004191674;Direct Energie;DIREN
FR0004254035;Euler Hermes Group;ELE
FR0005691656;Trigano;TRI
FR0006174348;Bureau Veritas;BVI
FR0010040865;Gecina Nom.;GFC
FR0010112524;Nexity;NXI
FR0010208488;Engie;ENGI
FR0010220475;Alstom;ALO
FR0010221234;Eutelsat Com.;ETL
FR0010241638;Mercialys;MERY
FR0010242511;EDF;EDF
FR0010259150;Ipsen;IPN
FR0010307819;Legrand SA;LR
FR0010313833;Arkema;AKE
FR0010340141;Adp;ADP
FR0010386334;Korian;KORI
FR0010407049;Terreis;TER
FR0010411983;Scor;SCR
FR0010417345;Dbv Technologies;DBV
FR0010451203;Rexel;RXL
FR0010533075;Getlink (ex: Eurotunnel);GET
FR0010613471;Suez Environnement;SEV
FR0010667147;Coface;COFA
FR0010828137;Carmila;CARM
FR0010908533;Edenred;EDEN
FR0010918292;Technicolor;TCH
FR0011476928;Fnac Darty;FNAC
FR0011675362;Neoen;NEOEN
FR0011726835;GTT;GTT
FR0011950732;Elior Group;ELIOR
FR0011981968;Worldline;WLN
FR0012435121;Elis;ELIS
FR0012757854;Spie;SPIE
FR0012789949;Europcar Mobility;EUCAR
FR0013153541;Maisons du Monde;MDM
FR0013154002;Sartorius Stedim Biotech;DIM
FR0013176526;Valeo;FR
FR0013199916;Somfy Intl;SO
FR0013204336;Ldc;LOUP
FR0013214145;Smcp;SMCP
FR0013227113;Soitec Silicon;SOI
FR0013230612;Tikehau Capital;TKO
FR0013258662;Ald;ALD
FR0013269123;Rubis;RUI
FR0013280286;Biomerieux;BIM
FR0013326246;Unibail Rodamco Wes;URW
FR0013447729;Verallia;VRLA
FR0013451333;La Francaise des jeux - FDJ;FDJ
GB0002374006;Diageo;DGE
GB0005405286;Hsbc Holdings;HSB
GB00BDSFG982;TechnipFMC;FTI
IT0001389631;Beni Stabili;BNS
LU0088087324;SES Sa;SESG
LU0569974404;Aperam;APAM
LU1598757687;Arcelor Mittal;MT
MA0000011488;Maroc Telecom;IAM
NL0000226223;Stmicroelectronics;STM
NL0000235190;Airbus;AIR
NL0000400653;Gemalto;GTO
NL0006294274;Euronext;ENX
NL0010949392;Cnova NV;CNV
US1491231015;Caterpillar Inc;CATR
US3696041033;General Electric;GNE
US4282911084;Hexcel Corp.;HXL
US58933Y1055;Merck And Co Inc;MRK
US7181721090;Philip Morris Intl;PM
US7427181091;Procter Gamble;PGP
US9098832093;GDS Rusal;RUSAL
US7837901088;S&P 100;OEX
ABC000000080;All Ordinaries - Australia;AORD
ABC000000081;Hang Seng Index;HSIDX
ABC000000083;RTSI Index - Russie;RTSIDX
ABC000000084;Straits Times - Singapour;STIDX
ABC000000085;KOSPI Composite - Coree;KS11DX
ABC000000086;Bovespa Index - Bresil;BVSP
ABC000000116;Bombay BSE 30;BSESN
ABC003500361;Nikkei Index;KKY
ABC003500379;Nasdaq 100;NDX
ABC003500387;S&P 500;SPX
ABC003500395;Wall Street 30;DJIA
ABC003500403;Nasdaq Composite;@CCO
ABC003500437;IBEX;IBEX
ABC003500445;Semiconductor Sector;SOX
ABC003500452;FTSE 100;FTSE
ABC003500453;China Shanghai Composite;SSECOM
ABC003500458;Volatility Index VIX;VIX
BE0389555039;Bel 20;BEL20
CH0009980894;Smi;SMI
DE0008469008;DAX 30;DAX
EU0009658145;Euro Stoxx 50;SX5E
FR0003500008;Cac 40;PX1
FR0003502079;Euronext 100;N100
FR0003502087;Next 150;N150
FR0003999481;SBF 120;PX4
FR0003999499;CAC All Tradable;CACT
FR0011710375;CAC PME;CAPME
FR0011710383;CAC PME NR;CACPN
FR0011710391;CAC PME GR;CACPG
IT0003465736;FTSE MIB;FTSEMIB
NL0000000107;AEX 25 Index;AEX
PTING0200002;PSI 20;PSI20
QS0010980447;IEIF SIIC FRANCE;SIIC
QS0010989109;Cac Next20;CN20
QS0010989117;CAC Mid 60;CACMD
QS0010989125;CAC Small;CACS
QS0010989133;CAC Mid & Small;CACMS
QS0010989141;Cac AllShares;PAX
QS0011040902;Alternext Allshare;ALASI
QS0011052139;CAC 40 Volatilite;VCAC
QS0011095955;Next Biotech;BIOTK
QS0011131826;CAC 40 NR;PX1NR
QS0011131834;CAC 40 GR;PX1GR
QS0011131842;SBF 120 NR;PX4NR
QS0011213657;CAC Large 60;CACLG
QS0011213756;CAC Mid & Small GR;CMSG
QS0011252754;CAC 40 EXT;CAEXT
XC0006170267;Nasdaq Biotechnology;NBI
XC0009695252;TSX Composite - Canada;TSX
QS0011052147;AEX VOLAT.INDEX;VAEX
QS0011252754;CAC 40 EXT;CAEXT
BE0003470755;Solvay;SOLB
FR0000031122;Air France - KLM;AF
FR0000045072;Credit Agricole;ACA
FR0000051732;Atos;ATO
FR0000051807;Teleperformance;TEP
FR0000052292;Hermes;RMS
FR0000054470;Ubisoft Entertainment;UBI
FR0000073272;Safran;SAF
FR0000120073;Air Liquide;AI
FR0000120172;Carrefour;CA
FR0000120271;Total;FP
FR0000120321;L'oreal;OR
FR0000120404;Accor Hotels;AC
FR0000120503;Bouygues;EN
FR0000120578;Sanofi;SAN
FR0000120628;Axa;CS
FR0000120644;Danone;BN
FR0000120685;Natixis;KN
FR0000120693;Pernod Ricard;RI
FR0000121014;Lvmh;MC
FR0000121147;Faurecia;EO
FR0000121220;Sodexo;SW
FR0000121261;Michelin;ML
FR0000121329;Thales;HO
FR0000121485;Kering;KER
FR0000121501;Peugeot;UG
FR0000121667;EssilorLuxottica;EL
FR0000121964;Klepierre;LI
FR0000121972;Schneider Electric;SU
FR0000124141;Veolia Environ.;VIE
FR0000125007;Saint Gobain;SGO
FR0000125338;CapGemini;CAP
FR0000125346;Ingenico Group;ING
FR0000125486;Vinci;DG
FR0000127771;Vivendi;VIV
FR0000130452;Eiffage;FGR
FR0000130577;Publicis Groupe;PUB
FR0000130650;Dassault Systemes;DSY
FR0000130809;Societe Generale;GLE
FR0000131104;Bnp Paribas;BNP
FR0000131906;Renault;RNO
FR0000133308;Orange;ORA
FR0006174348;Bureau Veritas;BVI
FR0010040865;Gecina Nom.;GFC
FR0010208488;Engie;ENGI
FR0010220475;Alstom;ALO
FR0010242511;EDF;EDF
FR0010307819;Legrand SA;LR
FR0010313833;Arkema;AKE
FR0010411983;Scor;SCR
FR0010533075;Getlink (ex: Eurotunnel);GET
FR0010613471;Suez Environnement;SEV
FR0010908533;Edenred;EDEN
FR0013176526;Valeo;FR
FR0013326246;Unibail Rodamco Wes;URW
GB00BDSFG982;TechnipFMC;FTI
LU0088087324;SES Sa;SESG
LU1598757687;Arcelor Mittal;MT
NL0000226223;Stmicroelectronics;STM
NL0000235190;Airbus;AIR
